Id, Title, Link 
1, Tutorial Belajar JavaScript Dasar Untuk Pemula, https://www.duniailkom.com/tutorial-belajar-javascript-dasar-untuk-pemula/ 
2, Tutorial JavaScript Part 1: Pengertian dan Fungsi JavaScript dalam Pemrograman Web, https://www.duniailkom.com/tutorial-belajar-javascript-pengertian-dan-fungsi-javascript-dalam-pemograman-web/ 
3, Tutorial JavaScript Part 2: Sejarah dan Perkembangan Versi JavaScript, https://www.duniailkom.com/tutorial-belajar-javascript-sejarah-dan-perkembangan-versi-javascript/ 
4, Tutorial JavaScript Part 3: Cara Menjalankan Kode Program JavaScript, https://www.duniailkom.com/tutorial-belajar-javascript-cara-menjalankan-kode-program-javascript/ 
5, Tutorial JavaScript Part 4: Cara Menampilkan Pesan Kesalahan (Error) JavaScript, https://www.duniailkom.com/tutorial-belajar-javascript-cara-menampilkan-pesan-kesalahan-error-javascript/ 
6, Tutorial JavaScript Part 5: Cara Memasukkan (input) kode JavaScript ke dalam HTML, https://www.duniailkom.com/tutorial-belajar-javascript-cara-memasukkan-input-kode-javascript-ke-dalam-html/ 
7, Tutorial JavaScript Part 6: Posisi Terbaik Meletakkan kode JavaScipt di dalam HTML, https://www.duniailkom.com/tutorial-belajar-javascript-posisi-terbaik-meletakkan-kode-javascipt-di-dalam-html/ 
8, Tutorial JavaScript Part 7: Cara Menampilkan Hasil Program JavaScript, https://www.duniailkom.com/tutorial-belajar-javascript-cara-menampilkan-hasil-program-javascript/ 
9, Tutorial JavaScript Part 8: Pengertian Core JS dan DOM (Document Object Model), https://www.duniailkom.com/tutorial-belajar-javascript-pengertian-core-javascript-dan-dom-document-object-model/ 
10, Tutorial JavaScript Part 9: Aturan Dasar Penulisan Kode Program JavaScript, https://www.duniailkom.com/tutorial-belajar-javascript-aturan-dasar-penulisan-kode-program-javascript/ 
11, Tutorial JavaScript Part 10: Pengertian dan Cara Pembuatan Variabel dalam JavaScript, https://www.duniailkom.com/tutorial-belajar-javascript-pengertian-dan-cara-pembuatan-variabel-dalam-javascript/ 
12, Tutorial JavaScript Part 11: Jenis dan Pengertian Tipe Data Dalam JavaScript, https://www.duniailkom.com/tutorial-belajar-javascript-jenis-dan-pengertian-tipe-data-dalam-javascript/ 
13, Tutorial JavaScript Part 12: Mengenal Tipe Data dan Operator Angka (Number), https://www.duniailkom.com/tutorial-belajar-javascript-mengenal-tipe-data-dan-operator-angka-number-javascript/ 
14, Tutorial JavaScript Part 13: Pengertian Hasil Operasi Matematis NaN dan Infinity, https://www.duniailkom.com/tutorial-belajar-javascript-pengertian-hasil-operasi-matematis-nan-dan-infinity/ 
15, Tutorial JavaScript Part 14: Mengenal Method Objek Angka (Number) JavaScript, https://www.duniailkom.com/tutorial-belajar-javascript-mengenal-method-objek-angka-number-dalam-javascript/ 
16, Tutorial JavaScript Part 15: Mengenal Konstanta Objek Angka (Number) JavaScript, https://www.duniailkom.com/tutorial-belajar-javascript-mengenal-konstanta-objek-angka-number-dalam-javascript/ 
17, Tutorial JavaScript Part 16: Konstanta dan Method (fungsi) Objek Math dalam JavaScript, https://www.duniailkom.com/tutorial-belajar-javascript-konstanta-dan-method-fungsi-objek-math-dalam-javascript/ 
18, Tutorial JavaScript Part 17: Mengenal Tipe Data String dan Operator String JavaScrip, https://www.duniailkom.com/tutorial-belajar-javascript-mengenal-tipe-data-string-dan-operator-string-javascript/ 
19, Tutorial JavaScript Part 18: Property dan Method (fungsi) Objek String JavaScript, https://www.duniailkom.com/tutorial-belajar-javascript-property-dan-method-fungsi-objek-string-javascript/ 
20, Tutorial JavaScript Part 19: Mengenal Tipe Data Boolean di dalam JavaScript, https://www.duniailkom.com/tutorial-belajar-javascript-mengenal-tipe-data-boolean-di-dalam-javascript/ 
21, Tutorial JavaScript Part 20: Cara Penggunaan Operasi Perbandingan dan Logika, https://www.duniailkom.com/tutorial-belajar-javascript-cara-penggunaan-operasi-perbandingan-dan-logika/ 
22, Tutorial JavaScript Part 21: Pengertian Nilai Null dan Undefined di dalam JavaScript, https://www.duniailkom.com/tutorial-belajar-javascript-pengertian-nilai-null-dan-undefined-di-dalam-javascript/ 
23, Tutorial JavaScript Part 22: Cara Konversi Tipe Data dalam JavaScript, https://www.duniailkom.com/tutorial-belajar-javascript-cara-konversi-tipe-data-dalam-javascript/ 
24, Tutorial JavaScript Part 23: Cara Penulisan Struktur Logika IF ELSE dalam JavaScript, https://www.duniailkom.com/tutorial-belajar-javascript-cara-penulisan-struktur-logika-if-else-dalam-javascript/ 
25, Tutorial JavaScript Part 24: Cara Penulisan Struktur Logika SWITCH dalam JavaScript, https://www.duniailkom.com/tutorial-belajar-javascript-cara-penulisan-struktur-logika-switch-dalam-javascript/ 
26, Tutorial JavaScript Part 25: Cara Penulisan Struktur Perulangan FOR dalam JavaScript, https://www.duniailkom.com/tutorial-belajar-javascript-cara-penulisan-struktur-perulangan-for-dalam-javascript/ 
27, Tutorial JavaScript Part 26: Cara Penulisan Struktur Perulangan WHILE dan DO WHILE, https://www.duniailkom.com/tutorial-belajar-javascript-cara-penulisan-struktur-perulangan-while-dan-do-while/ 
28, Tutorial JavaScript Part 27: Cara Penulisan Struktur Perulangan FOR IN dalam JavaScript, https://www.duniailkom.com/tutorial-belajar-javascript-cara-penulisan-struktur-perulangan-for-in-dalam-javascript/ 
29, Tutorial JavaScript Part 28: Fungsi Perintah Break dan Continue dalam JavaScript, https://www.duniailkom.com/tutorial-belajar-javascript-fungsi-perintah-break-dan-continue-dalam-javascript/ 
30, Tutorial JavaScript Part 29: Mengenal Tipe Data Array dalam JavaScript, https://www.duniailkom.com/tutorial-belajar-javascript-mengenal-tipe-data-array-dalam-javascript/ 
31, Tutorial JavaScript Part 30: Mengenal Method (fungsi) Objek Tipe Data Array JavaScript, https://www.duniailkom.com/tutorial-belajar-javascript-mengenal-method-fungsi-objek-tipe-data-array-javascript/ 
32, Tutorial JavaScript: Cara Menampilkan Hasil Form HTML dengan JavaScript, https://www.duniailkom.com/cara-menampilkan-hasil-form-html-dengan-javascript/ 
33, Tutorial JavaScript: Cara Mengambil Nilai HTML dengan JavaScript, https://www.duniailkom.com/cara-mengambil-nilai-html-dengan-javascript/ 
